<?xml version="1.0" encoding="UTF-8"?>
<!DOCTYPE hibernate-configuration SYSTEM 
"http://www.hibernate.org/dtd/hibernate-configuration-3.0.dtd">

<hibernate-configuration>
    <session-factory>       
        <property name="connection.driver_class">com.mysql.jdbc.Driver</property>    
        <property name="connection.url">jdbc:mysql://localhost:3306/advproject</property>        
        <property name="connection.username">root</property>        
        <property name="connection.password">shri</property>       
        <property name="dialect">org.hibernate.dialect.MySQL57Dialect</property>
        <property name="hbm2ddl.auto">update</property> 
        <property name="show_sql">true</property>    
        <mapping class="com.cdac.entity.User" />  
        <mapping class="com.cdac.entity.Category" />  
        <mapping class="com.cdac.entity.Product" />  
            
        
    </session-factory>
    
</hibernate-configuration>